recipe_name,ingredients,ingredients_parsed
Adobo,"pork, chicken, garlic, onion, soy sauce, vinegar, laurel leaves, salt, pepper","['p', 'o', 'r', 'k', 'c', 'h', 'i', 'c', 'k', 'e', 'n', 'g', 'a', 'r', 'l', 'i', 'c', 'o', 'n', 'i', 'o', 'n', 's', 'o', 'y', 's', 'a', 'u', 'c', 'e', 'v', 'i', 'n', 'e', 'g', 'a', 'r', 'l', 'a', 'u', 'r', 'e', 'l', 'l', 'e', 'a', 'v', 'e', 's', 'b', 'a', 'y', 'l', 'e', 'a', 'v', 'e', 's', 's', 'a', 'l', 't', 'a', 'n', 'd', 'p', 'e', 'p', 'p', 'e', 'r', 't', 'o', 't', 'a', 's', 't', 'e']"
Beef Tapa,"beef, fish sauce (patis), sugar, salt, garlic, ground pepper","['b', 'e', 'e', 'f', 'f', 'i', 's', 'h', 's', 'a', 'u', 'c', 'e', 'p', 'a', 't', 'i', 's', 's', 'u', 'g', 'a', 'r', 's', 'a', 'l', 't', 'g', 'a', 'r', 'l', 'i', 'c', 'g', 'r', 'o', 'u', 'n', 'd', 'p', 'e', 'p', 'p', 'e', 'r']"
Crispy Pata,"Pork Pata, soda (7Up or sprite), salt, patis (fish sauce), baking soda, monosodium glutamate (MSG), flour","['p', 'o', 'r', 'k', 'p', 'a', 't', 'a', 's', 'o', 'd', 'a', 'u', 'p', 'o', 'r', 's', 'p', 'r', 'i', 't', 'e', 's', 'a', 'l', 't', 'p', 'a', 't', 'i', 's', 'f', 'i', 's', 'h', 's', 'a', 'u', 'c', 'e', 'b', 'a', 'k', 'i', 'n', 'g', 's', 'o', 'd', 'a', 'm', 'o', 'n', 'o', 's', 'o', 'd', 'i', 'u', 'm', 'g', 'l', 'u', 't', 'a', 'm', 'a', 't', 'e', 'm', 's', 'g', 'f', 'l', 'o', 'u', 'r']"
Guisado,"beef, soy sauce, garlic, onion, salt, pepper, beef broth, tomato","['b', 'e', 'e', 'f', 's', 'o', 'y', 's', 'a', 'u', 'c', 'e', 'g', 'a', 'r', 'l', 'i', 'c', 'o', 'n', 'i', 'o', 'n', 's', 'a', 'l', 't', 'p', 'e', 'p', 'p', 'e', 'r', 'b', 'e', 'e', 'f', 'b', 'r', 'o', 't', 'h', 't', 'o', 'm', 'a', 't', 'o']"
Kaldereta,"pork, garlic onion, salt, pepper, bay leaves, chili carrot, potato, tomato, tomato sauce, bell pepper, pork broth","['p', 'o', 'r', 'k', 'g', 'a', 'r', 'l', 'i', 'c', 'o', 'n', 'i', 'o', 'n', 's', 'a', 'l', 't', 'p', 'e', 'p', 'p', 'e', 'r', 'b', 'a', 'y', 'l', 'e', 'a', 'v', 'e', 's', 'c', 'h', 'i', 'l', 'i', 'c', 'a', 'r', 'r', 'o', 't', 'p', 'o', 't', 'a', 't', 'o', 't', 'o', 'm', 'a', 't', 'o', 't', 'o', 'm', 'a', 't', 'o', 's', 'a', 'u', 'c', 'e', 'b', 'e', 'l', 'l', 'p', 'e', 'p', 'p', 'e', 'r', 'p', 'o', 'r', 'k', 'b', 'r', 'o', 't', 'h']"
Kare Kare,"chicken, beef, garlic, onion, salt, sitaw, eggplant, pechay, peanut butter, shrimp paste, annatto seeds, cabbage","['c', 'h', 'i', 'c', 'k', 'e', 'n', 'b', 'e', 'e', 'f', 'g', 'a', 'r', 'l', 'i', 'c', 'o', 'n', 'i', 'o', 'n', 's', 'a', 'l', 't', 's', 'i', 't', 'a', 'w', 'e', 'g', 'g', 'p', 'l', 'a', 'n', 't', 'p', 'e', 'c', 'h', 'a', 'y', 'p', 'e', 'a', 'n', 'u', 't', 'b', 'u', 't', 't', 'e', 'r', 's', 'h', 'r', 'i', 'm', 'p', 'p', 'a', 's', 't', 'e', 'a', 'n', 'n', 'a', 't', 't', 'o', 's', 'e', 'e', 'd', 's', 'c', 'a', 'b', 'b', 'a', 'g', 'e']"
Kinilaw,"vinegar, onion, salt, ginger, chili, calamansi, dilis","['v', 'i', 'n', 'e', 'g', 'a', 'r', 'o', 'n', 'i', 'o', 'n', 's', 'a', 'l', 't', 'g', 'i', 'n', 'g', 'e', 'r', 'c', 'h', 'i', 'l', 'i', 'c', 'a', 'l', 'a', 'm', 'a', 'n', 's', 'i', 'd', 'i', 'l', 'i', 's']"
Longganisa,"pork, sugar, paprika, salt, pepper, garlic","['p', 'o', 'r', 'k', 's', 'u', 'g', 'a', 'r', 'p', 'a', 'p', 'r', 'i', 'k', 'a', 's', 'a', 'l', 't', 'p', 'e', 'p', 'p', 'e', 'r', 'g', 'a', 'r', 'l', 'i', 'c']"
Mechado,"beef, tomato sauce, potato, bell pepper, bay leaves, tomato, onion, garlic, soy sauce, beef broth, lemon, salt, pepper","['b', 'e', 'e', 'f', 't', 'o', 'm', 'a', 't', 'o', 's', 'a', 'u', 'c', 'e', 'p', 'o', 't', 'a', 't', 'o', 'b', 'e', 'l', 'l', 'p', 'e', 'p', 'p', 'e', 'r', 'b', 'a', 'y', 'l', 'e', 'a', 'v', 'e', 's', 't', 'o', 'm', 'a', 't', 'o', 'o', 'n', 'i', 'o', 'n', 'g', 'a', 'r', 'l', 'i', 'c', 's', 'o', 'y', 's', 'a', 'u', 'c', 'e', 'b', 'e', 'e', 'f', 'b', 'r', 'o', 't', 'h', 'l', 'e', 'm', 'o', 'n', 's', 'a', 'l', 't', 'p', 'e', 'p', 'p', 'e', 'r']"
Menudo,"pork, pork liver, hotdog, potato, carrot, bell pepper, green peas, onion, garlic, tomato sauce, soy sauce, laurel leaves, cheese, sugar, salt, pepper","['p', 'o', 'r', 'k', 'p', 'o', 'r', 'k', 'l', 'i', 'v', 'e', 'r', 'h', 'o', 't', 'd', 'o', 'g', 'p', 'o', 't', 'a', 't', 'o', 'c', 'a', 'r', 'r', 'o', 't', 'b', 'e', 'l', 'l', 'p', 'e', 'p', 'p', 'e', 'r', 'g', 'r', 'e', 'e', 'n', 'p', 'e', 'a', 's', 'o', 'n', 'i', 'o', 'n', 'g', 'a', 'r', 'l', 'i', 'c', 't', 'o', 'm', 'a', 't', 'o', 's', 'a', 'u', 'c', 'e', 's', 'o', 'y', 's', 'a', 'u', 'c', 'e', 'l', 'a', 'u', 'r', 'e', 'l', 'l', 'e', 'a', 'v', 'e', 's', 'c', 'h', 'e', 'e', 's', 'e', 's', 'u', 'g', 'a', 'r', 's', 'a', 'l', 't', 'p', 'e', 'p', 'p', 'e', 'r']"
Morcon,"sirloin steak, beef, eggs, carrot, tomato, tomato sauce, pickle, onion, garlic, salt, pepper, flour","['s', 'i', 'r', 'l', 'o', 'i', 'n', 's', 't', 'e', 'a', 'k', 'b', 'e', 'e', 'f', 'e', 'g', 'g', 's', 'c', 'a', 'r', 'r', 'o', 't', 't', 'o', 'm', 'a', 't', 'o', 't', 'o', 'm', 'a', 't', 'o', 's', 'a', 'u', 'c', 'e', 'p', 'i', 'c', 'k', 'l', 'e', 'o', 'n', 'i', 'o', 'n', 'g', 'a', 'r', 'l', 'i', 'c', 's', 'a', 'l', 't', 'p', 'e', 'p', 'p', 'e', 'r', 'f', 'l', 'o', 'u', 'r']"
Beef Stew,"beef, carrot, celery, potato, paprika, ground clove, bay leaves, cornstarch, garlic, onion, beef broth, salt, pepper","['b', 'e', 'e', 'f', 'c', 'a', 'r', 'r', 'o', 't', 'c', 'e', 'l', 'e', 'r', 'y', 'p', 'o', 't', 'a', 't', 'o', 'p', 'a', 'p', 'r', 'i', 'k', 'a', 'g', 'r', 'o', 'u', 'n', 'd', 'c', 'l', 'o', 'v', 'e', 'b', 'a', 'y', 'l', 'e', 'a', 'v', 'e', 's', 'c', 'o', 'r', 'n', 's', 't', 'a', 'r', 'c', 'h', 'g', 'a', 'r', 'l', 'i', 'c', 'o', 'n', 'i', 'o', 'n', 'b', 'e', 'e', 'f', 'b', 'r', 'o', 't', 'h', 's', 'a', 'l', 't', 'p', 'e', 'p', 'p', 'e', 'r']"
Pork Steak,"pork, soy sauce, calamansi, onion, sugar, salt, pepper","['p', 'o', 'r', 'k', 's', 'o', 'y', 's', 'a', 'u', 'c', 'e', 'c', 'a', 'l', 'a', 'm', 'a', 'n', 's', 'i', 'o', 'n', 'i', 'o', 'n', 's', 'u', 'g', 'a', 'r', 's', 'a', 'l', 't', 'p', 'e', 'p', 'p', 'e', 'r']"
Sinigang,"pork, sampaloc, eggplant, okra, sitaw, radish, kangkong, onion, tomato, fish sauce, pepper","['p', 'o', 'r', 'k', 's', 'a', 'm', 'p', 'a', 'l', 'o', 'c', 'e', 'g', 'g', 'p', 'l', 'a', 'n', 't', 'o', 'k', 'r', 'a', 's', 'i', 't', 'a', 'w', 'r', 'a', 'd', 'i', 's', 'h', 'k', 'a', 'n', 'g', 'k', 'o', 'n', 'g', 'o', 'n', 'i', 'o', 'n', 't', 'o', 'm', 'a', 't', 'o', 'f', 'i', 's', 'h', 's', 'a', 'u', 'c', 'e', 'p', 'e', 'p', 'p', 'e', 'r']"
Sweet and Sour pork,"pork, bell pepper, soy sauce, onion, carrot, flour, cornstarch, vinegar, tomato ketchup, sugar, salt pepper","['p', 'o', 'r', 'k', 'b', 'e', 'l', 'l', 'p', 'e', 'p', 'p', 'e', 'r', 's', 'o', 'y', 's', 'a', 'u', 'c', 'e', 'o', 'n', 'i', 'o', 'n', 'c', 'a', 'r', 'r', 'o', 't', 'f', 'l', 'o', 'u', 'r', 'c', 'o', 'r', 'n', 's', 't', 'a', 'r', 'c', 'h', 'v', 'i', 'n', 'e', 'g', 'a', 'r', 't', 'o', 'm', 'a', 't', 'o', 'k', 'e', 't', 'c', 'h', 'u', 'p', 's', 'u', 'g', 'a', 'r', 's', 'a', 'l', 't', 'p', 'e', 'p', 'p', 'e', 'r']"
Chicken Afritada,"chicken, potato, carrot, tomato sauce, hotdog, green peas, bay leaves, onion, garlic, chicken broth, sugar, salt, pepper","['c', 'h', 'i', 'c', 'k', 'e', 'n', 'p', 'o', 't', 'a', 't', 'o', 'c', 'a', 'r', 'r', 'o', 't', 't', 'o', 'm', 'a', 't', 'o', 's', 'a', 'u', 'c', 'e', 'h', 'o', 't', 'd', 'o', 'g', 'g', 'r', 'e', 'e', 'n', 'p', 'e', 'a', 's', 'b', 'a', 'y', 'l', 'e', 'a', 'v', 'e', 's', 'o', 'n', 'i', 'o', 'n', 'g', 'a', 'r', 'l', 'i', 'c', 'c', 'h', 'i', 'c', 'k', 'e', 'n', 'b', 'r', 'o', 't', 'h', 's', 'u', 'g', 'a', 'r', 's', 'a', 'l', 't', 'p', 'e', 'p', 'p', 'e', 'r']"
Chicken pastel,"chicken, chorizo, mushroom, table cream, potato, carrot, lemon, soy sauce, butter, pie crust, salt, pepper","['c', 'h', 'i', 'c', 'k', 'e', 'n', 'c', 'h', 'o', 'r', 'i', 'z', 'o', 'm', 'u', 's', 'h', 'r', 'o', 'o', 'm', 't', 'a', 'b', 'l', 'e', 'c', 'r', 'e', 'a', 'm', 'p', 'o', 't', 'a', 't', 'o', 'c', 'a', 'r', 'r', 'o', 't', 'l', 'e', 'm', 'o', 'n', 's', 'o', 'y', 's', 'a', 'u', 'c', 'e', 'b', 'u', 't', 't', 'e', 'r', 'p', 'i', 'e', 'c', 'r', 'u', 's', 't', 's', 'a', 'l', 't', 'p', 'e', 'p', 'p', 'e', 'r']"
Fried Chicken,"chicken, flour, cornstarch, garlic powder, onion powder, pepper, baking powder, egg, salt","['c', 'h', 'i', 'c', 'k', 'e', 'n', 'f', 'l', 'o', 'u', 'r', 'c', 'o', 'r', 'n', 's', 't', 'a', 'r', 'c', 'h', 'g', 'a', 'r', 'l', 'i', 'c', 'p', 'o', 'w', 'd', 'e', 'r', 'o', 'n', 'i', 'o', 'n', 'p', 'o', 'w', 'd', 'e', 'r', 'p', 'e', 'p', 'p', 'e', 'r', 'b', 'a', 'k', 'i', 'n', 'g', 'p', 'o', 'w', 'd', 'e', 'r', 'e', 'g', 'g', 's', 'a', 'l', 't']"
Roasted Chicken,"chicken, butter, lemon, thyme, onion, stalks, pepper, salt, garlic powder","['c', 'h', 'i', 'c', 'k', 'e', 'n', 'b', 'u', 't', 't', 'e', 'r', 'l', 'e', 'm', 'o', 'n', 't', 'h', 'y', 'm', 'e', 'o', 'n', 'i', 'o', 'n', 's', 't', 'a', 'l', 'k', 's', 'p', 'e', 'p', 'p', 'e', 'r', 's', 'a', 'l', 't', 'g', 'a', 'r', 'l', 'i', 'c', 'p', 'o', 'w', 'd', 'e', 'r']"
Chicken Teriyaki,"chicken, soy sauce, sugar, maple syrup","['c', 'h', 'i', 'c', 'k', 'e', 'n', 's', 'o', 'y', 's', 'a', 'u', 'c', 'e', 's', 'u', 'g', 'a', 'r', 'm', 'a', 'p', 'l', 'e', 's', 'y', 'r', 'u', 'p']"
Chicken Curry,"chicken, curry powder, potato, garlic, celery, bell pepper, green pepper, onion, ginger, coconut milk, all-purpose cream, fish sauce, pepper","['c', 'h', 'i', 'c', 'k', 'e', 'n', 'c', 'u', 'r', 'r', 'y', 'p', 'o', 'w', 'd', 'e', 'r', 'p', 'o', 't', 'a', 't', 'o', 'g', 'a', 'r', 'l', 'i', 'c', 'c', 'e', 'l', 'e', 'r', 'y', 'b', 'e', 'l', 'l', 'p', 'e', 'p', 'p', 'e', 'r', 'g', 'r', 'e', 'e', 'n', 'p', 'e', 'p', 'p', 'e', 'r', 'o', 'n', 'i', 'o', 'n', 'g', 'i', 'n', 'g', 'e', 'r', 'c', 'o', 'c', 'o', 'n', 'u', 't', 'm', 'i', 'l', 'k', 'a', 'l', 'l', 'p', 'u', 'r', 'p', 'o', 's', 'e', 'c', 'r', 'e', 'a', 'm', 'f', 'i', 's', 'h', 's', 'a', 'u', 'c', 'e', 'p', 'e', 'p', 'p', 'e', 'r']"
Rellenong Manok,"chicken, calamansi, soy sauce, pepper, egg, mayonnaise, butter, ground pork, pineapple, onion, carrot, bread crumbs, raisins, ketchup, salt, pepper","['c', 'h', 'i', 'c', 'k', 'e', 'n', 'c', 'a', 'l', 'a', 'm', 'a', 'n', 's', 'i', 's', 'o', 'y', 's', 'a', 'u', 'c', 'e', 'p', 'e', 'p', 'p', 'e', 'r', 'e', 'g', 'g', 'm', 'a', 'y', 'o', 'n', 'n', 'a', 'i', 's', 'e', 'b', 'u', 't', 't', 'e', 'r', 'g', 'r', 'o', 'u', 'n', 'd', 'p', 'o', 'r', 'k', 'p', 'i', 'n', 'e', 'a', 'p', 'p', 'l', 'e', 'o', 'n', 'i', 'o', 'n', 'c', 'a', 'r', 'r', 'o', 't', 'b', 'r', 'e', 'a', 'd', 'c', 'r', 'u', 'm', 'b', 's', 'r', 'a', 'i', 's', 'i', 'n', 's', 'k', 'e', 't', 'c', 'h', 'u', 'p', 's', 'a', 'l', 't', 'p', 'e', 'p', 'p', 'e', 'r']"
Tinolang Manok,"chicken, malunggay leaves, pepper leaves, pepper, papaya, onion, garlic, ginger, fish sauce","['c', 'h', 'i', 'c', 'k', 'e', 'n', 'm', 'a', 'l', 'u', 'n', 'g', 'g', 'a', 'y', 'l', 'e', 'a', 'v', 'e', 's', 'p', 'e', 'p', 'p', 'e', 'r', 'l', 'e', 'a', 'v', 'e', 's', 'p', 'e', 'p', 'p', 'e', 'r', 'p', 'a', 'p', 'a', 'y', 'a', 'o', 'n', 'i', 'o', 'n', 'g', 'a', 'r', 'l', 'i', 'c', 'g', 'i', 'n', 'g', 'e', 'r', 'f', 'i', 's', 'h', 's', 'a', 'u', 'c', 'e']"
Adobong Kangkong,"kangkong, onion, garlic, soy sauce, vinegar, pepper","['k', 'a', 'n', 'g', 'k', 'o', 'n', 'g', 'o', 'n', 'i', 'o', 'n', 'g', 'a', 'r', 'l', 'i', 'c', 's', 'o', 'y', 's', 'a', 'u', 'c', 'e', 'v', 'i', 'n', 'e', 'g', 'a', 'r', 'p', 'e', 'p', 'p', 'e', 'r']"
Adobong Pusit,"squid, soy sauce, vinegar, salt, onion, tomato, garlic, sugar","['s', 'q', 'u', 'i', 'd', 's', 'o', 'y', 's', 'a', 'u', 'c', 'e', 'v', 'i', 'n', 'e', 'g', 'a', 'r', 's', 'a', 'l', 't', 'o', 'n', 'i', 'o', 'n', 't', 'o', 'm', 'a', 't', 'o', 'g', 'a', 'r', 'l', 'i', 'c', 's', 'u', 'g', 'a', 'r']"
Bicol Express,"pork, coconut milk, coconut cream, shrimp paste, garlic, chili, ginger, onion, pepper","['p', 'o', 'r', 'k', 'c', 'o', 'c', 'o', 'n', 'u', 't', 'm', 'i', 'l', 'k', 'c', 'o', 'c', 'o', 'n', 'u', 't', 'c', 'r', 'e', 'a', 'm', 's', 'h', 'r', 'i', 'm', 'p', 'p', 'a', 's', 't', 'e', 'g', 'a', 'r', 'l', 'i', 'c', 'c', 'h', 'i', 'l', 'i', 'g', 'i', 'n', 'g', 'e', 'r', 'o', 'n', 'i', 'o', 'n', 'p', 'e', 'p', 'p', 'e', 'r']"
Chopseuy,"shrimp, pork, cauliflower, carrot, snow peas, baby corn, bell pepper, cabbage, quail egg, onion, garlic, soy sauce, oyster sauce, cornstarch, pepper","['s', 'h', 'r', 'i', 'm', 'p', 'p', 'o', 'r', 'k', 'c', 'a', 'u', 'l', 'i', 'f', 'l', 'o', 'w', 'e', 'r', 'c', 'a', 'r', 'r', 'o', 't', 's', 'n', 'o', 'w', 'p', 'e', 'a', 's', 'b', 'a', 'b', 'y', 'c', 'o', 'r', 'n', 'b', 'e', 'l', 'l', 'p', 'e', 'p', 'p', 'e', 'r', 'c', 'a', 'b', 'b', 'a', 'g', 'e', 'q', 'u', 'a', 'i', 'l', 'e', 'g', 'g', 'o', 'n', 'i', 'o', 'n', 'g', 'a', 'r', 'l', 'i', 'c', 's', 'o', 'y', 's', 'a', 'u', 'c', 'e', 'o', 'y', 's', 't', 'e', 'r', 's', 'a', 'u', 'c', 'e', 'c', 'o', 'r', 'n', 's', 't', 'a', 'r', 'c', 'h', 'p', 'e', 'p', 'p', 'e', 'r']"
Ginataan,"squash, sitaw, pork, coconut milk, onion, ginger, garlic, pepper, fish sauce","['s', 'q', 'u', 'a', 's', 'h', 's', 'i', 't', 'a', 'w', 'p', 'o', 'r', 'k', 'c', 'o', 'c', 'o', 'n', 'u', 't', 'm', 'i', 'l', 'k', 'o', 'n', 'i', 'o', 'n', 'g', 'i', 'n', 'g', 'e', 'r', 'g', 'a', 'r', 'l', 'i', 'c', 'p', 'e', 'p', 'p', 'e', 'r', 'f', 'i', 's', 'h', 's', 'a', 'u', 'c', 'e']"
Laing,"taro leaves, shrimp, coconut milk, shrimp paste, onion, garlic, ginger, chili, pork, pepper","['t', 'a', 'r', 'o', 'l', 'e', 'a', 'v', 'e', 's', 's', 'h', 'r', 'i', 'm', 'p', 'c', 'o', 'c', 'o', 'n', 'u', 't', 'm', 'i', 'l', 'k', 's', 'h', 'r', 'i', 'm', 'p', 'p', 'a', 's', 't', 'e', 'o', 'n', 'i', 'o', 'n', 'g', 'a', 'r', 'l', 'i', 'c', 'g', 'i', 'n', 'g', 'e', 'r', 'c', 'h', 'i', 'l', 'i', 'p', 'o', 'r', 'k', 'p', 'e', 'p', 'p', 'e', 'r']"
Pinakbet,"pork, onion, garlic, prawns, salt, pepper, tomato, okra, green beans, eggplant, ampalaya","['p', 'o', 'r', 'k', 'o', 'n', 'i', 'o', 'n', 'g', 'a', 'r', 'l', 'i', 'c', 'p', 'r', 'a', 'w', 'n', 's', 's', 'a', 'l', 't', 'p', 'e', 'p', 'p', 'e', 'r', 't', 'o', 'm', 'a', 't', 'o', 'o', 'k', 'r', 'a', 'g', 'r', 'e', 'e', 'n', 'b', 'e', 'a', 'n', 's', 'e', 'g', 'g', 'p', 'l', 'a', 'n', 't', 'a', 'm', 'p', 'a', 'l', 'a', 'y', 'a']"
Rellenong Bangus,"bangus (milkfish), lemon, soy sauce, onion, garlic, carrot, green peas, raisins, oyster sauce, salt, pepper, flour","['b', 'a', 'n', 'g', 'u', 's', 'm', 'i', 'l', 'k', 'f', 'i', 's', 'h', 'l', 'e', 'm', 'o', 'n', 's', 'o', 'y', 's', 'a', 'u', 'c', 'e', 'o', 'n', 'i', 'o', 'n', 'g', 'a', 'r', 'l', 'i', 'c', 'c', 'a', 'r', 'r', 'o', 't', 'g', 'r', 'e', 'e', 'n', 'p', 'e', 'a', 's', 'r', 'a', 'i', 's', 'i', 'n', 's', 'o', 'y', 's', 't', 'e', 'r', 's', 'a', 'u', 'c', 'e', 's', 'a', 'l', 't', 'p', 'e', 'p', 'p', 'e', 'r', 'f', 'l', 'o', 'u', 'r']"
Mixed Seafood with Oyster Sauce,"fish fillet, prawns, mussels, squid, oyster sauce, ginger, garlic, spring onions, sugar, cayenne, salt, pepper","['f', 'i', 's', 'h', 'f', 'i', 'l', 'l', 'e', 't', 'p', 'r', 'a', 'w', 'n', 's', 'm', 'u', 's', 's', 'e', 'l', 's', 's', 'q', 'u', 'i', 'd', 'o', 'y', 's', 't', 'e', 'r', 's', 'a', 'u', 'c', 'e', 'g', 'i', 'n', 'g', 'e', 'r', 'g', 'a', 'r', 'l', 'i', 'c', 's', 'p', 'r', 'i', 'n', 'g', 'o', 'n', 'i', 'o', 'n', 's', 's', 'u', 'g', 'a', 'r', 'c', 'a', 'y', 'e', 'n', 'n', 'e', 's', 'a', 'l', 't', 'p', 'e', 'p', 'p', 'e', 'r']"
Filipino Spaghetti,"spaghetti noodles, ground pork, luncheon meat, hotdogs, Filipino Style Spaghetti Sauce, cheese, beef broth, onion, garlic, salt, pepper","['s', 'p', 'a', 'g', 'h', 'e', 't', 't', 'i', 'n', 'o', 'o', 'd', 'l', 'e', 's', 'g', 'r', 'o', 'u', 'n', 'd', 'p', 'o', 'r', 'k', 'l', 'u', 'n', 'c', 'h', 'e', 'o', 'n', 'm', 'e', 'a', 't', 'h', 'o', 't', 'd', 'o', 'g', 's', 'f', 'i', 'l', 'i', 'p', 'i', 'n', 'o', 's', 't', 'y', 'l', 'e', 's', 'p', 'a', 'g', 'h', 'e', 't', 't', 'i', 's', 'a', 'u', 'c', 'e', 'c', 'h', 'e', 'e', 's', 'e', 'b', 'e', 'e', 'f', 'b', 'r', 'o', 't', 'h', 'o', 'n', 'i', 'o', 'n', 'g', 'a', 'r', 'l', 'i', 'c', 's', 'a', 'l', 't', 'p', 'e', 'p', 'p', 'e', 'r']"
Pansit Bihon,"pansit bihon, pork, chicken, snow peas, carrot, cabbage, celery leaves, onion, garlic, soy sauce","['p', 'a', 'n', 's', 'i', 't', 'b', 'i', 'h', 'o', 'n', 'p', 'o', 'r', 'k', 'c', 'h', 'i', 'c', 'k', 'e', 'n', 's', 'n', 'o', 'w', 'p', 'e', 'a', 's', 'c', 'a', 'r', 'r', 'o', 't', 'c', 'a', 'b', 'b', 'a', 'g', 'e', 'c', 'e', 'l', 'e', 'r', 'y', 'l', 'e', 'a', 'v', 'e', 's', 'o', 'n', 'i', 'o', 'n', 'g', 'a', 'r', 'l', 'i', 'c', 's', 'o', 'y', 's', 'a', 'u', 'c', 'e']"
Pancit Canton,"flour stick noodles, pork, sausage, onion, garlic, shrimp, snap peas, carrot, cabbage, chicken broth, oyster sauce, soy sauce, parsley, salt, pepper","['f', 'l', 'o', 'u', 'r', 's', 't', 'i', 'c', 'k', 'n', 'o', 'o', 'd', 'l', 'e', 's', 'p', 'o', 'r', 'k', 's', 'a', 'u', 's', 'a', 'g', 'e', 'o', 'n', 'i', 'o', 'n', 'g', 'a', 'r', 'l', 'i', 'c', 's', 'h', 'r', 'i', 'm', 'p', 's', 'n', 'a', 'p', 'p', 'e', 'a', 's', 'c', 'a', 'r', 'r', 'o', 't', 'c', 'a', 'b', 'b', 'a', 'g', 'e', 'c', 'h', 'i', 'c', 'k', 'e', 'n', 'b', 'r', 'o', 't', 'h', 'o', 'y', 's', 't', 'e', 'r', 's', 'a', 'u', 'c', 'e', 's', 'o', 'y', 's', 'a', 'u', 'c', 'e', 'p', 'a', 'r', 's', 'l', 'e', 'y', 's', 'a', 'l', 't', 'p', 'e', 'p', 'p', 'e', 'r']"
Pancit Palabok,"palabok noodles, pork, beef broth, annatto seeds, shrimp powder, flour, tinapa flakes, eggs, shrimp, cabbage, pork rinds, scallions, salt, pepper","['p', 'a', 'l', 'a', 'b', 'o', 'k', 'n', 'o', 'o', 'd', 'l', 'e', 's', 'p', 'o', 'r', 'k', 'b', 'e', 'e', 'f', 'b', 'r', 'o', 't', 'h', 'a', 'n', 'n', 'a', 't', 't', 'o', 's', 'e', 'e', 'd', 's', 's', 'h', 'r', 'i', 'm', 'p', 'p', 'o', 'w', 'd', 'e', 'r', 'f', 'l', 'o', 'u', 'r', 't', 'i', 'n', 'a', 'p', 'a', 'f', 'l', 'a', 'k', 'e', 's', 'e', 'g', 'g', 's', 's', 'h', 'r', 'i', 'm', 'p', 'c', 'a', 'b', 'b', 'a', 'g', 'e', 'p', 'o', 'r', 'k', 'r', 'i', 'n', 'd', 's', 's', 'c', 'a', 'l', 'l', 'i', 'o', 'n', 's', 's', 'a', 'l', 't', 'p', 'e', 'p', 'p', 'e', 'r']"
Chicken BBQ,"chicken, ginger, lemongrass, annatto oil, sugar, coconut vinegar, peppercorn, salt, margarine, salt","['c', 'h', 'i', 'c', 'k', 'e', 'n', 'g', 'i', 'n', 'g', 'e', 'r', 'l', 'e', 'm', 'o', 'n', 'g', 'r', 'a', 's', 's', 'a', 'n', 'n', 'a', 't', 't', 'o', 'o', 'i', 'l', 's', 'u', 'g', 'a', 'r', 'c', 'o', 'c', 'o', 'n', 'u', 't', 'v', 'i', 'n', 'e', 'g', 'a', 'r', 'p', 'e', 'p', 'p', 'e', 'r', 'c', 'o', 'r', 'n', 's', 'a', 'l', 't', 'm', 'a', 'r', 'g', 'a', 'r', 'i', 'n', 'e', 's', 'a', 'l', 't']"
Pork BBQ,"pork, soy sauce, calamansi, ketchup, sugar, pepper, salt, lemon","['p', 'o', 'r', 'k', 's', 'o', 'y', 's', 'a', 'u', 'c', 'e', 'c', 'a', 'l', 'a', 'm', 'a', 'n', 's', 'i', 'k', 'e', 't', 'c', 'h', 'u', 'p', 's', 'u', 'g', 'a', 'r', 'p', 'e', 'p', 'p', 'e', 'r', 's', 'a', 'l', 't', 'l', 'e', 'm', 'o', 'n']"
Lumpia,"lumpia wrapper, ground pork, onion, carrot, egg, pepper","['l', 'u', 'm', 'p', 'i', 'a', 'w', 'r', 'a', 'p', 'p', 'e', 'r', 'g', 'r', 'o', 'u', 'n', 'd', 'p', 'o', 'r', 'k', 'o', 'n', 'i', 'o', 'n', 'c', 'a', 'r', 'r', 'o', 't', 'e', 'g', 'g', 'p', 'e', 'p', 'p', 'e', 'r']"
Paksiw na Pata,"pork hock, garlic, soy sauce, vinegar, sugar, banana blossoms, bay leaves, peppercorn, salt","['p', 'o', 'r', 'k', 'h', 'o', 'c', 'k', 'g', 'a', 'r', 'l', 'i', 'c', 's', 'o', 'y', 's', 'a', 'u', 'c', 'e', 'v', 'i', 'n', 'e', 'g', 'a', 'r', 's', 'u', 'g', 'a', 'r', 'b', 'a', 'n', 'a', 'n', 'a', 'b', 'l', 'o', 's', 's', 'o', 'm', 's', 'b', 'a', 'y', 'l', 'e', 'a', 'v', 'e', 's', 'p', 'e', 'p', 'p', 'e', 'r', 'c', 'o', 'r', 'n', 's', 'a', 'l', 't']"
Pochero,"pork, bok choy, banana (saba), chorizo, tomato, green beans, potato, tomato sauce, onion, garlic, pork broth, fish sauce, pepper","['p', 'o', 'r', 'k', 'b', 'o', 'k', 'c', 'h', 'o', 'y', 'b', 'a', 'n', 'a', 'n', 'a', 's', 'a', 'b', 'a', 'c', 'h', 'o', 'r', 'i', 'z', 'o', 't', 'o', 'm', 'a', 't', 'o', 'g', 'r', 'e', 'e', 'n', 'b', 'e', 'a', 'n', 's', 'p', 'o', 't', 'a', 't', 'o', 't', 'o', 'm', 'a', 't', 'o', 's', 'a', 'u', 'c', 'e', 'o', 'n', 'i', 'o', 'n', 'g', 'a', 'r', 'l', 'i', 'c', 'p', 'o', 'r', 'k', 'b', 'r', 'o', 't', 'h', 'f', 'i', 's', 'h', 's', 'a', 'u', 'c', 'e', 'p', 'e', 'p', 'p', 'e', 'r']"
Bopis,"chicken gizzard, chicken heart, carrot, radish, onion, bell pepper, annatto seeds, tomato, chili, vinegar, ginger, soy sauce, fish sauce, garlic, bay leaves","['c', 'h', 'i', 'c', 'k', 'e', 'n', 'g', 'i', 'z', 'z', 'a', 'r', 'd', 'c', 'h', 'i', 'c', 'k', 'e', 'n', 'h', 'e', 'a', 'r', 't', 'c', 'a', 'r', 'r', 'o', 't', 'r', 'a', 'd', 'i', 's', 'h', 'o', 'n', 'i', 'o', 'n', 'b', 'e', 'l', 'l', 'p', 'e', 'p', 'p', 'e', 'r', 'a', 'n', 'n', 'a', 't', 't', 'o', 's', 'e', 'e', 'd', 's', 't', 'o', 'm', 'a', 't', 'o', 'c', 'h', 'i', 'l', 'i', 'v', 'i', 'n', 'e', 'g', 'a', 'r', 'g', 'i', 'n', 'g', 'e', 'r', 's', 'o', 'y', 's', 'a', 'u', 'c', 'e', 'f', 'i', 's', 'h', 's', 'a', 'u', 'c', 'e', 'g', 'a', 'r', 'l', 'i', 'c', 'b', 'a', 'y', 'l', 'e', 'a', 'v', 'e', 's']"
Hamonado,"pork, pineapple, soy sauce, beef broth, onion, garlic, sugar, salt, pepper","['p', 'o', 'r', 'k', 'p', 'i', 'n', 'e', 'a', 'p', 'p', 'l', 'e', 's', 'o', 'y', 's', 'a', 'u', 'c', 'e', 'b', 'e', 'e', 'f', 'b', 'r', 'o', 't', 'h', 'o', 'n', 'i', 'o', 'n', 'g', 'a', 'r', 'l', 'i', 'c', 's', 'u', 'g', 'a', 'r', 's', 'a', 'l', 't', 'p', 'e', 'p', 'p', 'e', 'r']"
Sisig,"pork, onion, soy sauce, pepper, ginger, chili flakes, garlic powder, calamansi, butter, chicken liver, mayonnaise, salt, egg","['p', 'o', 'r', 'k', 'o', 'n', 'i', 'o', 'n', 's', 'o', 'y', 's', 'a', 'u', 'c', 'e', 'p', 'e', 'p', 'p', 'e', 'r', 'g', 'i', 'n', 'g', 'e', 'r', 'c', 'h', 'i', 'l', 'i', 'f', 'l', 'a', 'k', 'e', 's', 'g', 'a', 'r', 'l', 'i', 'c', 'p', 'o', 'w', 'd', 'e', 'r', 'c', 'a', 'l', 'a', 'm', 'a', 'n', 's', 'i', 'b', 'u', 't', 't', 'e', 'r', 'c', 'h', 'i', 'c', 'k', 'e', 'n', 'l', 'i', 'v', 'e', 'r', 'm', 'a', 'y', 'o', 'n', 'n', 'a', 'i', 's', 'e', 's', 'a', 'l', 't', 'e', 'g', 'g']"
Picadillo,"ground beef, onion, garlic, tomato, raisins, beff broth, manzanilla olives, potato, carrot, green peas, salt, pepper","['g', 'r', 'o', 'u', 'n', 'd', 'b', 'e', 'e', 'f', 'o', 'n', 'i', 'o', 'n', 'g', 'a', 'r', 'l', 'i', 'c', 't', 'o', 'm', 'a', 't', 'o', 'r', 'a', 'i', 's', 'i', 'n', 's', 'b', 'e', 'f', 'f', 'b', 'r', 'o', 't', 'h', 'm', 'a', 'n', 'z', 'a', 'n', 'i', 'l', 'l', 'a', 'o', 'l', 'i', 'v', 'e', 's', 'p', 'o', 't', 'a', 't', 'o', 'c', 'a', 'r', 'r', 'o', 't', 'g', 'r', 'e', 'e', 'n', 'p', 'e', 'a', 's', 's', 'a', 'l', 't', 'p', 'e', 'p', 'p', 'e', 'r']"
Beef Steak,"beef, onion, scallion, soy sauce, calamansi, pepper, garlic powder, beef broth","['b', 'e', 'e', 'f', 'o', 'n', 'i', 'o', 'n', 's', 'c', 'a', 'l', 'l', 'i', 'o', 'n', 's', 'o', 'y', 's', 'a', 'u', 'c', 'e', 'c', 'a', 'l', 'a', 'm', 'a', 'n', 's', 'i', 'p', 'e', 'p', 'p', 'e', 'r', 'g', 'a', 'r', 'l', 'i', 'c', 'p', 'o', 'w', 'd', 'e', 'r', 'b', 'e', 'e', 'f', 'b', 'r', 'o', 't', 'h']"
Sopas,"chicken, cabbage, celery, onion, hotdog, carrot, evaporated milk, macaroni, garlic, salt, pepper","['c', 'h', 'i', 'c', 'k', 'e', 'n', 'c', 'a', 'b', 'b', 'a', 'g', 'e', 'c', 'e', 'l', 'e', 'r', 'y', 'o', 'n', 'i', 'o', 'n', 'h', 'o', 't', 'd', 'o', 'g', 'c', 'a', 'r', 'r', 'o', 't', 'e', 'v', 'a', 'p', 'o', 'r', 'a', 't', 'e', 'd', 'm', 'i', 'l', 'k', 'm', 'a', 'c', 'a', 'r', 'o', 'n', 'i', 'g', 'a', 'r', 'l', 'i', 'c', 's', 'a', 'l', 't', 'p', 'e', 'p', 'p', 'e', 'r']"
Dinuguan,"pork, vinegar, green chili, sugar, onion, garlic, pork blood, salt, pepper","['p', 'o', 'r', 'k', 'v', 'i', 'n', 'e', 'g', 'a', 'r', 'g', 'r', 'e', 'e', 'n', 'c', 'h', 'i', 'l', 'i', 's', 'u', 'g', 'a', 'r', 'o', 'n', 'i', 'o', 'n', 'g', 'a', 'r', 'l', 'i', 'c', 'p', 'o', 'r', 'k', 'b', 'l', 'o', 'o', 'd', 's', 'a', 'l', 't', 'p', 'e', 'p', 'p', 'e', 'r']"
Pork Igado,"pork, pig's liver, pig's kidney, green peas, carrot, garlic, onion, bell pepper, bay leaves, soy sauce, vinegar, salt, pepper","['p', 'o', 'r', 'k', 'p', 'i', 'g', 's', 'l', 'i', 'v', 'e', 'r', 'p', 'i', 'g', 's', 'k', 'i', 'd', 'n', 'e', 'y', 'g', 'r', 'e', 'e', 'n', 'p', 'e', 'a', 's', 'c', 'a', 'r', 'r', 'o', 't', 'g', 'a', 'r', 'l', 'i', 'c', 'o', 'n', 'i', 'o', 'n', 'b', 'e', 'l', 'l', 'p', 'e', 'p', 'p', 'e', 'r', 'b', 'a', 'y', 'l', 'e', 'a', 'v', 'e', 's', 's', 'o', 'y', 's', 'a', 'u', 'c', 'e', 'v', 'i', 'n', 'e', 'g', 'a', 'r', 's', 'a', 'l', 't', 'p', 'e', 'p', 'p', 'e', 'r']"
Binagoongan,"pork, shrimp paste, tomato, onion, garlic, beef broth, eggplant, pepper","['p', 'o', 'r', 'k', 's', 'h', 'r', 'i', 'm', 'p', 'p', 'a', 's', 't', 'e', 't', 'o', 'm', 'a', 't', 'o', 'o', 'n', 'i', 'o', 'n', 'g', 'a', 'r', 'l', 'i', 'c', 'b', 'e', 'e', 'f', 'b', 'r', 'o', 't', 'h', 'e', 'g', 'g', 'p', 'l', 'a', 'n', 't', 'p', 'e', 'p', 'p', 'e', 'r']"
Sinarsahang Manok,"chicken, bell pepper , Knorr Chicken Cube, green peas ,long green beans, onion,garlic ,tomato,soy sauce,tomato sauce,tomato ketchup,white sugar,Salt, ground black pepper","['c', 'h', 'i', 'c', 'k', 'e', 'n', 'b', 'e', 'l', 'l', 'p', 'e', 'p', 'p', 'e', 'r', 'k', 'n', 'o', 'r', 'r', 'c', 'h', 'i', 'c', 'k', 'e', 'n', 'c', 'u', 'b', 'e', 'g', 'r', 'e', 'e', 'n', 'p', 'e', 'a', 's', 'l', 'o', 'n', 'g', 'g', 'r', 'e', 'e', 'n', 'b', 'e', 'a', 'n', 's', 'o', 'n', 'i', 'o', 'n', 'g', 'a', 'r', 'l', 'i', 'c', 't', 'o', 'm', 'a', 't', 'o', 's', 'o', 'y', 's', 'a', 'u', 'c', 'e', 't', 'o', 'm', 'a', 't', 'o', 's', 'a', 'u', 'c', 'e', 't', 'o', 'm', 'a', 't', 'o', 'k', 'e', 't', 'c', 'h', 'u', 'p', 'w', 'h', 'i', 't', 'e', 's', 'u', 'g', 'a', 'r', 's', 'a', 'l', 't', 'g', 'r', 'o', 'u', 'n', 'd', 'b', 'l', 'a', 'c', 'k', 'p', 'e', 'p', 'p', 'e', 'r']"
Sweet and Sour Chicken Meatballs,"ground chicken,breadcrumbs,Knorr Chicken Cube,egg,salt,ground black pepper, banana ketchup,white sugar,white vinegar,bell pepper,onion ,carrot ,Knorr Liquid Seasoning","['g', 'r', 'o', 'u', 'n', 'd', 'c', 'h', 'i', 'c', 'k', 'e', 'n', 'b', 'r', 'e', 'a', 'd', 'c', 'r', 'u', 'm', 'b', 's', 'k', 'n', 'o', 'r', 'r', 'c', 'h', 'i', 'c', 'k', 'e', 'n', 'c', 'u', 'b', 'e', 'e', 'g', 'g', 's', 'a', 'l', 't', 'g', 'r', 'o', 'u', 'n', 'd', 'b', 'l', 'a', 'c', 'k', 'p', 'e', 'p', 'p', 'e', 'r', 'b', 'a', 'n', 'a', 'n', 'a', 'k', 'e', 't', 'c', 'h', 'u', 'p', 'w', 'h', 'i', 't', 'e', 's', 'u', 'g', 'a', 'r', 'w', 'h', 'i', 't', 'e', 'v', 'i', 'n', 'e', 'g', 'a', 'r', 'b', 'e', 'l', 'l', 'p', 'e', 'p', 'p', 'e', 'r', 'o', 'n', 'i', 'o', 'n', 'c', 'a', 'r', 'r', 'o', 't', 'k', 'n', 'o', 'r', 'r', 'l', 'i', 'q', 'u', 'i', 'd', 's', 'e', 'a', 's', 'o', 'n', 'i', 'n', 'g']"
Chicken Kare-Kare sa Gata,"chicken,Knorr Chicken Cube,ground peanuts,bok choy,eggplant,snake beans,onion,garlic,paprika,turmeric powder,bagoong alamang,coconut milk, Ground black pepper ,salt","['c', 'h', 'i', 'c', 'k', 'e', 'n', 'k', 'n', 'o', 'r', 'r', 'c', 'h', 'i', 'c', 'k', 'e', 'n', 'c', 'u', 'b', 'e', 'g', 'r', 'o', 'u', 'n', 'd', 'p', 'e', 'a', 'n', 'u', 't', 's', 'b', 'o', 'k', 'c', 'h', 'o', 'y', 'e', 'g', 'g', 'p', 'l', 'a', 'n', 't', 's', 'n', 'a', 'k', 'e', 'b', 'e', 'a', 'n', 's', 'o', 'n', 'i', 'o', 'n', 'g', 'a', 'r', 'l', 'i', 'c', 'p', 'a', 'p', 'r', 'i', 'k', 'a', 't', 'u', 'r', 'm', 'e', 'r', 'i', 'c', 'p', 'o', 'w', 'd', 'e', 'r', 'b', 'a', 'g', 'o', 'o', 'n', 'g', 'a', 'l', 'a', 'm', 'a', 'n', 'g', 'c', 'o', 'c', 'o', 'n', 'u', 't', 'm', 'i', 'l', 'k', 'g', 'r', 'o', 'u', 'n', 'd', 'b', 'l', 'a', 'c', 'k', 'p', 'e', 'p', 'p', 'e', 'r', 's', 'a', 'l', 't']"
Sotanghon Chicken Soup,"chicken,Knorr Chicken Cube,lemongrass red onion,garlic,ginger,fish sauce,green onions,sotanghon, ground white pepper","['c', 'h', 'i', 'c', 'k', 'e', 'n', 'k', 'n', 'o', 'r', 'r', 'c', 'h', 'i', 'c', 'k', 'e', 'n', 'c', 'u', 'b', 'e', 'l', 'e', 'm', 'o', 'n', 'g', 'r', 'a', 's', 's', 'r', 'e', 'd', 'o', 'n', 'i', 'o', 'n', 'g', 'a', 'r', 'l', 'i', 'c', 'g', 'i', 'n', 'g', 'e', 'r', 'f', 'i', 's', 'h', 's', 'a', 'u', 'c', 'e', 'g', 'r', 'e', 'e', 'n', 'o', 'n', 'i', 'o', 'n', 's', 's', 'o', 't', 'a', 'n', 'g', 'h', 'o', 'n', 'g', 'r', 'o', 'u', 'n', 'd', 'w', 'h', 'i', 't', 'e', 'p', 'e', 'p', 'p', 'e', 'r']"
Chicken Molo Soup ,"ground chicken,shrimp,wonton wrapper,Knorr Chicken cube,yellow onion,sesame oil,annatto powder,garlic, fish sauce,ground black pepper,salt","['g', 'r', 'o', 'u', 'n', 'd', 'c', 'h', 'i', 'c', 'k', 'e', 'n', 's', 'h', 'r', 'i', 'm', 'p', 'w', 'o', 'n', 't', 'o', 'n', 'w', 'r', 'a', 'p', 'p', 'e', 'r', 'k', 'n', 'o', 'r', 'r', 'c', 'h', 'i', 'c', 'k', 'e', 'n', 'c', 'u', 'b', 'e', 'y', 'e', 'l', 'l', 'o', 'w', 'o', 'n', 'i', 'o', 'n', 's', 'e', 's', 'a', 'm', 'e', 'o', 'i', 'l', 'a', 'n', 'n', 'a', 't', 't', 'o', 'p', 'o', 'w', 'd', 'e', 'r', 'g', 'a', 'r', 'l', 'i', 'c', 'f', 'i', 's', 'h', 's', 'a', 'u', 'c', 'e', 'g', 'r', 'o', 'u', 'n', 'd', 'b', 'l', 'a', 'c', 'k', 'p', 'e', 'p', 'p', 'e', 'r', 's', 'a', 'l', 't']"
Chicken Halang-halang,"chicken,coconut milk,yellow onion,garlic,ginger,chili flakes,lemongrass,green papaya ,hot pepper leaves,malunggay,fish sauce,ground black pepper","['c', 'h', 'i', 'c', 'k', 'e', 'n', 'c', 'o', 'c', 'o', 'n', 'u', 't', 'm', 'i', 'l', 'k', 'y', 'e', 'l', 'l', 'o', 'w', 'o', 'n', 'i', 'o', 'n', 'g', 'a', 'r', 'l', 'i', 'c', 'g', 'i', 'n', 'g', 'e', 'r', 'c', 'h', 'i', 'l', 'i', 'f', 'l', 'a', 'k', 'e', 's', 'l', 'e', 'm', 'o', 'n', 'g', 'r', 'a', 's', 's', 'g', 'r', 'e', 'e', 'n', 'p', 'a', 'p', 'a', 'y', 'a', 'h', 'o', 't', 'p', 'e', 'p', 'p', 'e', 'r', 'l', 'e', 'a', 'v', 'e', 's', 'm', 'a', 'l', 'u', 'n', 'g', 'g', 'a', 'y', 'f', 'i', 's', 'h', 's', 'a', 'u', 'c', 'e', 'g', 'r', 'o', 'u', 'n', 'd', 'b', 'l', 'a', 'c', 'k', 'p', 'e', 'p', 'p', 'e', 'r']"
Chicken Embutido,"ground chicken, red bell pepper,green bell pepper,yellow onion,eggs, tomato sauce,raisins,carrots, cheddar cheese, bread crumbs,olive oil,sweet relish,ground black pepper, salt","['g', 'r', 'o', 'u', 'n', 'd', 'c', 'h', 'i', 'c', 'k', 'e', 'n', 'r', 'e', 'd', 'b', 'e', 'l', 'l', 'p', 'e', 'p', 'p', 'e', 'r', 'g', 'r', 'e', 'e', 'n', 'b', 'e', 'l', 'l', 'p', 'e', 'p', 'p', 'e', 'r', 'y', 'e', 'l', 'l', 'o', 'w', 'o', 'n', 'i', 'o', 'n', 'e', 'g', 'g', 's', 't', 'o', 'm', 'a', 't', 'o', 's', 'a', 'u', 'c', 'e', 'r', 'a', 'i', 's', 'i', 'n', 's', 'c', 'a', 'r', 'r', 'o', 't', 's', 'c', 'h', 'e', 'd', 'd', 'a', 'r', 'c', 'h', 'e', 'e', 's', 'e', 'b', 'r', 'e', 'a', 'd', 'c', 'r', 'u', 'm', 'b', 's', 'o', 'l', 'i', 'v', 'e', 'o', 'i', 'l', 's', 'w', 'e', 'e', 't', 'r', 'e', 'l', 'i', 's', 'h', 'g', 'r', 'o', 'u', 'n', 'd', 'b', 'l', 'a', 'c', 'k', 'p', 'e', 'p', 'p', 'e', 'r', 's', 'a', 'l', 't']"
Chicken Guisantes,"chicken,green peas, tomatoes,chicken stock,red bell pepper,yellow onion,garlic, Salt,pepper","['c', 'h', 'i', 'c', 'k', 'e', 'n', 'g', 'r', 'e', 'e', 'n', 'p', 'e', 'a', 's', 't', 'o', 'm', 'a', 't', 'o', 'e', 's', 'c', 'h', 'i', 'c', 'k', 'e', 'n', 's', 't', 'o', 'c', 'k', 'r', 'e', 'd', 'b', 'e', 'l', 'l', 'p', 'e', 'p', 'p', 'e', 'r', 'y', 'e', 'l', 'l', 'o', 'w', 'o', 'n', 'i', 'o', 'n', 'g', 'a', 'r', 'l', 'i', 'c', 's', 'a', 'l', 't', 'p', 'e', 'p', 'p', 'e', 'r']"
Chicken Liver and Gizzard Stew with Quail Eggs and Snap Peas,"chicken liver,chicken gizzard,quail eggs,red bell pepper sliced,snap peas,oyster sauce,granulated white sugar,cornstarch,soy sauce,white vinegar,onion,garlic, Salt,ground black pepper  ","['c', 'h', 'i', 'c', 'k', 'e', 'n', 'l', 'i', 'v', 'e', 'r', 'c', 'h', 'i', 'c', 'k', 'e', 'n', 'g', 'i', 'z', 'z', 'a', 'r', 'd', 'q', 'u', 'a', 'i', 'l', 'e', 'g', 'g', 's', 'r', 'e', 'd', 'b', 'e', 'l', 'l', 'p', 'e', 'p', 'p', 'e', 'r', 's', 'l', 'i', 'c', 'e', 'd', 's', 'n', 'a', 'p', 'p', 'e', 'a', 's', 'o', 'y', 's', 't', 'e', 'r', 's', 'a', 'u', 'c', 'e', 'g', 'r', 'a', 'n', 'u', 'l', 'a', 't', 'e', 'd', 'w', 'h', 'i', 't', 'e', 's', 'u', 'g', 'a', 'r', 'c', 'o', 'r', 'n', 's', 't', 'a', 'r', 'c', 'h', 's', 'o', 'y', 's', 'a', 'u', 'c', 'e', 'w', 'h', 'i', 't', 'e', 'v', 'i', 'n', 'e', 'g', 'a', 'r', 'o', 'n', 'i', 'o', 'n', 'g', 'a', 'r', 'l', 'i', 'c', 's', 'a', 'l', 't', 'g', 'r', 'o', 'u', 'n', 'd', 'b', 'l', 'a', 'c', 'k', 'p', 'e', 'p', 'p', 'e', 'r']"
Chicken Pancit Habhab,"Habhab noodles,Knorr SavorRich Liquid Seasoning,boneless chicken breast,chayote ,snow peas,carrots ,baby bok choy ,onion ,garlic,soy sauce,chicken stock,Salt,ground black pepper ","['h', 'a', 'b', 'h', 'a', 'b', 'n', 'o', 'o', 'd', 'l', 'e', 's', 'k', 'n', 'o', 'r', 'r', 's', 'a', 'v', 'o', 'r', 'r', 'i', 'c', 'h', 'l', 'i', 'q', 'u', 'i', 'd', 's', 'e', 'a', 's', 'o', 'n', 'i', 'n', 'g', 'b', 'o', 'n', 'e', 'l', 'e', 's', 's', 'c', 'h', 'i', 'c', 'k', 'e', 'n', 'b', 'r', 'e', 'a', 's', 't', 'c', 'h', 'a', 'y', 'o', 't', 'e', 's', 'n', 'o', 'w', 'p', 'e', 'a', 's', 'c', 'a', 'r', 'r', 'o', 't', 's', 'b', 'a', 'b', 'y', 'b', 'o', 'k', 'c', 'h', 'o', 'y', 'o', 'n', 'i', 'o', 'n', 'g', 'a', 'r', 'l', 'i', 'c', 's', 'o', 'y', 's', 'a', 'u', 'c', 'e', 'c', 'h', 'i', 'c', 'k', 'e', 'n', 's', 't', 'o', 'c', 'k', 's', 'a', 'l', 't', 'g', 'r', 'o', 'u', 'n', 'd', 'b', 'l', 'a', 'c', 'k', 'p', 'e', 'p', 'p', 'e', 'r']"
Chicken Feet in Oyster Sauce with Salted Black Beans,"chicken feet,oyster sauce,salted black beans tausi,Mirin, brown sugar,garlic,onion ,chili garlic oil","['c', 'h', 'i', 'c', 'k', 'e', 'n', 'f', 'e', 'e', 't', 'o', 'y', 's', 't', 'e', 'r', 's', 'a', 'u', 'c', 'e', 's', 'a', 'l', 't', 'e', 'd', 'b', 'l', 'a', 'c', 'k', 'b', 'e', 'a', 'n', 's', 't', 'a', 'u', 's', 'i', 'm', 'i', 'r', 'i', 'n', 'b', 'r', 'o', 'w', 'n', 's', 'u', 'g', 'a', 'r', 'g', 'a', 'r', 'l', 'i', 'c', 'o', 'n', 'i', 'o', 'n', 'c', 'h', 'i', 'l', 'i', 'g', 'a', 'r', 'l', 'i', 'c', 'o', 'i', 'l']"
Chicken Asparagus Soup,"chicken breast,Knorr Chicken Cube,asparagus,spinach,onion,garlic,Salt,ground black pepper","['c', 'h', 'i', 'c', 'k', 'e', 'n', 'b', 'r', 'e', 'a', 's', 't', 'k', 'n', 'o', 'r', 'r', 'c', 'h', 'i', 'c', 'k', 'e', 'n', 'c', 'u', 'b', 'e', 'a', 's', 'p', 'a', 'r', 'a', 'g', 'u', 's', 's', 'p', 'i', 'n', 'a', 'c', 'h', 'o', 'n', 'i', 'o', 'n', 'g', 'a', 'r', 'l', 'i', 'c', 's', 'a', 'l', 't', 'g', 'r', 'o', 'u', 'n', 'd', 'b', 'l', 'a', 'c', 'k', 'p', 'e', 'p', 'p', 'e', 'r']"
Chicken Mami,"chicken breast ,Knorr Chicken Cube,fresh noodles,Napa cabbage ,eggs ,carrot ,green onion ,onion ,garlic , Salt,ground black pepper ","['c', 'h', 'i', 'c', 'k', 'e', 'n', 'b', 'r', 'e', 'a', 's', 't', 'k', 'n', 'o', 'r', 'r', 'c', 'h', 'i', 'c', 'k', 'e', 'n', 'c', 'u', 'b', 'e', 'f', 'r', 'e', 's', 'h', 'n', 'o', 'o', 'd', 'l', 'e', 's', 'n', 'a', 'p', 'a', 'c', 'a', 'b', 'b', 'a', 'g', 'e', 'e', 'g', 'g', 's', 'c', 'a', 'r', 'r', 'o', 't', 'g', 'r', 'e', 'e', 'n', 'o', 'n', 'i', 'o', 'n', 'o', 'n', 'i', 'o', 'n', 'g', 'a', 'r', 'l', 'i', 'c', 's', 'a', 'l', 't', 'g', 'r', 'o', 'u', 'n', 'd', 'b', 'l', 'a', 'c', 'k', 'p', 'e', 'p', 'p', 'e', 'r']"
Sweet and Sour Tilapia,"tilapia,Knorr Liquid Seasoning,red bell pepper ,green bell pepper ,carrot ,garlic ,onion ,ginger,cornstarch, white vinegar,tomato ketchup,white sugar, Salt,ground black pepper","['t', 'i', 'l', 'a', 'p', 'i', 'a', 'k', 'n', 'o', 'r', 'r', 'l', 'i', 'q', 'u', 'i', 'd', 's', 'e', 'a', 's', 'o', 'n', 'i', 'n', 'g', 'r', 'e', 'd', 'b', 'e', 'l', 'l', 'p', 'e', 'p', 'p', 'e', 'r', 'g', 'r', 'e', 'e', 'n', 'b', 'e', 'l', 'l', 'p', 'e', 'p', 'p', 'e', 'r', 'c', 'a', 'r', 'r', 'o', 't', 'g', 'a', 'r', 'l', 'i', 'c', 'o', 'n', 'i', 'o', 'n', 'g', 'i', 'n', 'g', 'e', 'r', 'c', 'o', 'r', 'n', 's', 't', 'a', 'r', 'c', 'h', 'w', 'h', 'i', 't', 'e', 'v', 'i', 'n', 'e', 'g', 'a', 'r', 't', 'o', 'm', 'a', 't', 'o', 'k', 'e', 't', 'c', 'h', 'u', 'p', 'w', 'h', 'i', 't', 'e', 's', 'u', 'g', 'a', 'r', 's', 'a', 'l', 't', 'g', 'r', 'o', 'u', 'n', 'd', 'b', 'l', 'a', 'c', 'k', 'p', 'e', 'p', 'p', 'e', 'r']"
Pesang Isda with Ginisang Miso,"Tilapia,Napa cabbage,bok choy,green onion,whole peppercorn,ginger ,onion ,rice washing,  Fish sauce ,yellow miso,tofu ,tomato ,garlic ,Soy sauce ,ground black pepper","['t', 'i', 'l', 'a', 'p', 'i', 'a', 'n', 'a', 'p', 'a', 'c', 'a', 'b', 'b', 'a', 'g', 'e', 'b', 'o', 'k', 'c', 'h', 'o', 'y', 'g', 'r', 'e', 'e', 'n', 'o', 'n', 'i', 'o', 'n', 'w', 'h', 'o', 'l', 'e', 'p', 'e', 'p', 'p', 'e', 'r', 'c', 'o', 'r', 'n', 'g', 'i', 'n', 'g', 'e', 'r', 'o', 'n', 'i', 'o', 'n', 'r', 'i', 'c', 'e', 'w', 'a', 's', 'h', 'i', 'n', 'g', 'f', 'i', 's', 'h', 's', 'a', 'u', 'c', 'e', 'y', 'e', 'l', 'l', 'o', 'w', 'm', 'i', 's', 'o', 't', 'o', 'f', 'u', 't', 'o', 'm', 'a', 't', 'o', 'g', 'a', 'r', 'l', 'i', 'c', 's', 'o', 'y', 's', 'a', 'u', 'c', 'e', 'g', 'r', 'o', 'u', 'n', 'd', 'b', 'l', 'a', 'c', 'k', 'p', 'e', 'p', 'p', 'e', 'r']"
Ginataang Sapsap,"butterfish ,Knorr Ginataang Gulay Mix,spinach,Thai chili pepper,long green pepper,ginger,onion,garlic,white vinegar","['b', 'u', 't', 't', 'e', 'r', 'f', 'i', 's', 'h', 'k', 'n', 'o', 'r', 'r', 'g', 'i', 'n', 'a', 't', 'a', 'a', 'n', 'g', 'g', 'u', 'l', 'a', 'y', 'm', 'i', 'x', 's', 'p', 'i', 'n', 'a', 'c', 'h', 't', 'h', 'a', 'i', 'c', 'h', 'i', 'l', 'i', 'p', 'e', 'p', 'p', 'e', 'r', 'l', 'o', 'n', 'g', 'g', 'r', 'e', 'e', 'n', 'p', 'e', 'p', 'p', 'e', 'r', 'g', 'i', 'n', 'g', 'e', 'r', 'o', 'n', 'i', 'o', 'n', 'g', 'a', 'r', 'l', 'i', 'c', 'w', 'h', 'i', 't', 'e', 'v', 'i', 'n', 'e', 'g', 'a', 'r']"
Salmon Sisig,"salmon fillet,Mayonnaise,Knorr Liquid Seasoning,onion,green onion ,Thai chili pepper,chicharon ,butter,garlic powder","['s', 'a', 'l', 'm', 'o', 'n', 'f', 'i', 'l', 'l', 'e', 't', 'm', 'a', 'y', 'o', 'n', 'n', 'a', 'i', 's', 'e', 'k', 'n', 'o', 'r', 'r', 'l', 'i', 'q', 'u', 'i', 'd', 's', 'e', 'a', 's', 'o', 'n', 'i', 'n', 'g', 'o', 'n', 'i', 'o', 'n', 'g', 'r', 'e', 'e', 'n', 'o', 'n', 'i', 'o', 'n', 't', 'h', 'a', 'i', 'c', 'h', 'i', 'l', 'i', 'p', 'e', 'p', 'p', 'e', 'r', 'c', 'h', 'i', 'c', 'h', 'a', 'r', 'o', 'n', 'b', 'u', 't', 't', 'e', 'r', 'g', 'a', 'r', 'l', 'i', 'c', 'p', 'o', 'w', 'd', 'e', 'r']"
Tortang Noodles at Sardinas,"instant noodles,sardines in tomato sauce,eggs,all-purpose flour,onion,green onion, Salt,pepper","['i', 'n', 's', 't', 'a', 'n', 't', 'n', 'o', 'o', 'd', 'l', 'e', 's', 's', 'a', 'r', 'd', 'i', 'n', 'e', 's', 'i', 'n', 't', 'o', 'm', 'a', 't', 'o', 's', 'a', 'u', 'c', 'e', 'e', 'g', 'g', 's', 'a', 'l', 'l', 'p', 'u', 'r', 'p', 'o', 's', 'e', 'f', 'l', 'o', 'u', 'r', 'o', 'n', 'i', 'o', 'n', 'g', 'r', 'e', 'e', 'n', 'o', 'n', 'i', 'o', 'n', 's', 'a', 'l', 't', 'p', 'e', 'p', 'p', 'e', 'r']"
Sardines with Sotanghon and Pechay,"sardines in tomato sauce,sotanghon noodles,pechay ,garlic,onion, green onion,Fish Sauce,ground black pepper","['s', 'a', 'r', 'd', 'i', 'n', 'e', 's', 'i', 'n', 't', 'o', 'm', 'a', 't', 'o', 's', 'a', 'u', 'c', 'e', 's', 'o', 't', 'a', 'n', 'g', 'h', 'o', 'n', 'n', 'o', 'o', 'd', 'l', 'e', 's', 'p', 'e', 'c', 'h', 'a', 'y', 'g', 'a', 'r', 'l', 'i', 'c', 'o', 'n', 'i', 'o', 'n', 'g', 'r', 'e', 'e', 'n', 'o', 'n', 'i', 'o', 'n', 'f', 'i', 's', 'h', 's', 'a', 'u', 'c', 'e', 'g', 'r', 'o', 'u', 'n', 'd', 'b', 'l', 'a', 'c', 'k', 'p', 'e', 'p', 'p', 'e', 'r']"
Sinanglay na Tilapia,"tilapia,bok choy,pechay,garlic,onion,tomato,ginger,long green chili,coconut milk, salt","['t', 'i', 'l', 'a', 'p', 'i', 'a', 'b', 'o', 'k', 'c', 'h', 'o', 'y', 'p', 'e', 'c', 'h', 'a', 'y', 'g', 'a', 'r', 'l', 'i', 'c', 'o', 'n', 'i', 'o', 'n', 't', 'o', 'm', 'a', 't', 'o', 'g', 'i', 'n', 'g', 'e', 'r', 'l', 'o', 'n', 'g', 'g', 'r', 'e', 'e', 'n', 'c', 'h', 'i', 'l', 'i', 'c', 'o', 'c', 'o', 'n', 'u', 't', 'm', 'i', 'l', 'k', 's', 'a', 'l', 't']"
Ginataang Tulingan,"tulingan,pork fat,coconut milk,kamias,ginger,Thai chili pepper,eggplant,onion,garlic,Fish sauce, Salt,ground black pepper","['t', 'u', 'l', 'i', 'n', 'g', 'a', 'n', 'p', 'o', 'r', 'k', 'f', 'a', 't', 'c', 'o', 'c', 'o', 'n', 'u', 't', 'm', 'i', 'l', 'k', 'k', 'a', 'm', 'i', 'a', 's', 'g', 'i', 'n', 'g', 'e', 'r', 't', 'h', 'a', 'i', 'c', 'h', 'i', 'l', 'i', 'p', 'e', 'p', 'p', 'e', 'r', 'e', 'g', 'g', 'p', 'l', 'a', 'n', 't', 'o', 'n', 'i', 'o', 'n', 'g', 'a', 'r', 'l', 'i', 'c', 'f', 'i', 's', 'h', 's', 'a', 'u', 'c', 'e', 's', 'a', 'l', 't', 'g', 'r', 'o', 'u', 'n', 'd', 'b', 'l', 'a', 'c', 'k', 'p', 'e', 'p', 'p', 'e', 'r']"
Ukoy Dulong,"silver fish,mung bean sprouts, cornstarch,flour,baking powder,salt,ground black pepper,garlic powder,onion powder,egg","['s', 'i', 'l', 'v', 'e', 'r', 'f', 'i', 's', 'h', 'm', 'u', 'n', 'g', 'b', 'e', 'a', 'n', 's', 'p', 'r', 'o', 'u', 't', 's', 'c', 'o', 'r', 'n', 's', 't', 'a', 'r', 'c', 'h', 'f', 'l', 'o', 'u', 'r', 'b', 'a', 'k', 'i', 'n', 'g', 'p', 'o', 'w', 'd', 'e', 'r', 's', 'a', 'l', 't', 'g', 'r', 'o', 'u', 'n', 'd', 'b', 'l', 'a', 'c', 'k', 'p', 'e', 'p', 'p', 'e', 'r', 'g', 'a', 'r', 'l', 'i', 'c', 'p', 'o', 'w', 'd', 'e', 'r', 'o', 'n', 'i', 'o', 'n', 'p', 'o', 'w', 'd', 'e', 'r', 'e', 'g', 'g']"
Ginataang Mackerel,"mackerel,spinach,coconut milk,Thai chili pepper,ginger,onion,garlic, white vinegar, Fish sauce,ground black pepper","['m', 'a', 'c', 'k', 'e', 'r', 'e', 'l', 's', 'p', 'i', 'n', 'a', 'c', 'h', 'c', 'o', 'c', 'o', 'n', 'u', 't', 'm', 'i', 'l', 'k', 't', 'h', 'a', 'i', 'c', 'h', 'i', 'l', 'i', 'p', 'e', 'p', 'p', 'e', 'r', 'g', 'i', 'n', 'g', 'e', 'r', 'o', 'n', 'i', 'o', 'n', 'g', 'a', 'r', 'l', 'i', 'c', 'w', 'h', 'i', 't', 'e', 'v', 'i', 'n', 'e', 'g', 'a', 'r', 'f', 'i', 's', 'h', 's', 'a', 'u', 'c', 'e', 'g', 'r', 'o', 'u', 'n', 'd', 'b', 'l', 'a', 'c', 'k', 'p', 'e', 'p', 'p', 'e', 'r']"
Paksiw na Bangus ,"milkfish,ginger,garlic,white vinegar, onion,Chinese eggplant,okra,long green pepper,whole peppercorn,Salt","['m', 'i', 'l', 'k', 'f', 'i', 's', 'h', 'g', 'i', 'n', 'g', 'e', 'r', 'g', 'a', 'r', 'l', 'i', 'c', 'w', 'h', 'i', 't', 'e', 'v', 'i', 'n', 'e', 'g', 'a', 'r', 'o', 'n', 'i', 'o', 'n', 'c', 'h', 'i', 'n', 'e', 's', 'e', 'e', 'g', 'g', 'p', 'l', 'a', 'n', 't', 'o', 'k', 'r', 'a', 'l', 'o', 'n', 'g', 'g', 'r', 'e', 'e', 'n', 'p', 'e', 'p', 'p', 'e', 'r', 'w', 'h', 'o', 'l', 'e', 'p', 'e', 'p', 'p', 'e', 'r', 'c', 'o', 'r', 'n', 's', 'a', 'l', 't']"
Tanigue Fish Steak ala Bistek,"Tanigue,Wahoo ,Kingfish, onions,lemon,soy sauce,garlic,salt,granulated white sugar,ground black pepper","['t', 'a', 'n', 'i', 'g', 'u', 'e', 'w', 'a', 'h', 'o', 'o', 'k', 'i', 'n', 'g', 'f', 'i', 's', 'h', 'o', 'n', 'i', 'o', 'n', 's', 'l', 'e', 'm', 'o', 'n', 's', 'o', 'y', 's', 'a', 'u', 'c', 'e', 'g', 'a', 'r', 'l', 'i', 'c', 's', 'a', 'l', 't', 'g', 'r', 'a', 'n', 'u', 'l', 'a', 't', 'e', 'd', 'w', 'h', 'i', 't', 'e', 's', 'u', 'g', 'a', 'r', 'g', 'r', 'o', 'u', 'n', 'd', 'b', 'l', 'a', 'c', 'k', 'p', 'e', 'p', 'p', 'e', 'r']"
Pinaputok na Tilapia,"tilapia,green mango,tomato,onion,ginger,lemon juice,  salt, pepper","['t', 'i', 'l', 'a', 'p', 'i', 'a', 'g', 'r', 'e', 'e', 'n', 'm', 'a', 'n', 'g', 'o', 't', 'o', 'm', 'a', 't', 'o', 'o', 'n', 'i', 'o', 'n', 'g', 'i', 'n', 'g', 'e', 'r', 'l', 'e', 'm', 'o', 'n', 'j', 'u', 'i', 'c', 'e', 's', 'a', 'l', 't', 'p', 'e', 'p', 'p', 'e', 'r']"
Pinangat na Galunggong sa Kamias,"galunggong,kamias,tomato,onion,garlic,ginger,green pepper,pork fat, Salt,ground black pepper","['g', 'a', 'l', 'u', 'n', 'g', 'g', 'o', 'n', 'g', 'k', 'a', 'm', 'i', 'a', 's', 't', 'o', 'm', 'a', 't', 'o', 'o', 'n', 'i', 'o', 'n', 'g', 'a', 'r', 'l', 'i', 'c', 'g', 'i', 'n', 'g', 'e', 'r', 'g', 'r', 'e', 'e', 'n', 'p', 'e', 'p', 'p', 'e', 'r', 'p', 'o', 'r', 'k', 'f', 'a', 't', 's', 'a', 'l', 't', 'g', 'r', 'o', 'u', 'n', 'd', 'b', 'l', 'a', 'c', 'k', 'p', 'e', 'p', 'p', 'e', 'r']"
Crispy Fried Mahi Mahi Sarciado,"Mahi Mahi fillet,garlic,all-purpose flour, Roma tomato,yellow onion,red bell pepper,egg,vegetable broth, salt,olive oil","['m', 'a', 'h', 'i', 'm', 'a', 'h', 'i', 'f', 'i', 'l', 'l', 'e', 't', 'g', 'a', 'r', 'l', 'i', 'c', 'a', 'l', 'l', 'p', 'u', 'r', 'p', 'o', 's', 'e', 'f', 'l', 'o', 'u', 'r', 'r', 'o', 'm', 'a', 't', 'o', 'm', 'a', 't', 'o', 'y', 'e', 'l', 'l', 'o', 'w', 'o', 'n', 'i', 'o', 'n', 'r', 'e', 'd', 'b', 'e', 'l', 'l', 'p', 'e', 'p', 'p', 'e', 'r', 'e', 'g', 'g', 'v', 'e', 'g', 'e', 't', 'a', 'b', 'l', 'e', 'b', 'r', 'o', 't', 'h', 's', 'a', 'l', 't', 'o', 'l', 'i', 'v', 'e', 'o', 'i', 'l']"
Kilawing Tuna with Coconut Cream,"tuna,salt,ground black pepper,ginger,red onion ,Thai chili ,Jalapeno,limes,calamansi,coconut cream","['t', 'u', 'n', 'a', 's', 'a', 'l', 't', 'g', 'r', 'o', 'u', 'n', 'd', 'b', 'l', 'a', 'c', 'k', 'p', 'e', 'p', 'p', 'e', 'r', 'g', 'i', 'n', 'g', 'e', 'r', 'r', 'e', 'd', 'o', 'n', 'i', 'o', 'n', 't', 'h', 'a', 'i', 'c', 'h', 'i', 'l', 'i', 'j', 'a', 'l', 'a', 'p', 'e', 'n', 'o', 'l', 'i', 'm', 'e', 's', 'c', 'a', 'l', 'a', 'm', 'a', 'n', 's', 'i', 'c', 'o', 'c', 'o', 'n', 'u', 't', 'c', 'r', 'e', 'a', 'm']"
Beef Salpicao,"beef tenderloin,garlic,salt,butter,olive oil,ground black pepper,Worcestershire Sauce,oyster sauce","['b', 'e', 'e', 'f', 't', 'e', 'n', 'd', 'e', 'r', 'l', 'o', 'i', 'n', 'g', 'a', 'r', 'l', 'i', 'c', 's', 'a', 'l', 't', 'b', 'u', 't', 't', 'e', 'r', 'o', 'l', 'i', 'v', 'e', 'o', 'i', 'l', 'g', 'r', 'o', 'u', 'n', 'd', 'b', 'l', 'a', 'c', 'k', 'p', 'e', 'p', 'p', 'e', 'r', 'w', 'o', 'r', 'c', 'e', 's', 't', 'e', 'r', 's', 'h', 'i', 'r', 'e', 's', 'a', 'u', 'c', 'e', 'o', 'y', 's', 't', 'e', 'r', 's', 'a', 'u', 'c', 'e']"
Beef Pares,"beef chuck,Knorr Beef Cube,star anise,onion,garlic,ginger,soy sauce,brown sugar, onion powder,ground black pepper, cornstarch,salt","['b', 'e', 'e', 'f', 'c', 'h', 'u', 'c', 'k', 'k', 'n', 'o', 'r', 'r', 'b', 'e', 'e', 'f', 'c', 'u', 'b', 'e', 's', 't', 'a', 'r', 'a', 'n', 'i', 's', 'e', 'o', 'n', 'i', 'o', 'n', 'g', 'a', 'r', 'l', 'i', 'c', 'g', 'i', 'n', 'g', 'e', 'r', 's', 'o', 'y', 's', 'a', 'u', 'c', 'e', 'b', 'r', 'o', 'w', 'n', 's', 'u', 'g', 'a', 'r', 'o', 'n', 'i', 'o', 'n', 'p', 'o', 'w', 'd', 'e', 'r', 'g', 'r', 'o', 'u', 'n', 'd', 'b', 'l', 'a', 'c', 'k', 'p', 'e', 'p', 'p', 'e', 'r', 'c', 'o', 'r', 'n', 's', 't', 'a', 'r', 'c', 'h', 's', 'a', 'l', 't']"
Goto Lamang Loob ,"jasmine rice,glutinous rice, Knorr Beef Cube,beef heart,ox tripe,beef large intestine,onion,ginger,garlic,lemongrass,bay leaves,fish sauce,turmeric powder,onion powder, green onion,toasted garlic,chili garlic oil,Salt,ground black pepper","['j', 'a', 's', 'm', 'i', 'n', 'e', 'r', 'i', 'c', 'e', 'g', 'l', 'u', 't', 'i', 'n', 'o', 'u', 's', 'r', 'i', 'c', 'e', 'k', 'n', 'o', 'r', 'r', 'b', 'e', 'e', 'f', 'c', 'u', 'b', 'e', 'b', 'e', 'e', 'f', 'h', 'e', 'a', 'r', 't', 'o', 'x', 't', 'r', 'i', 'p', 'e', 'b', 'e', 'e', 'f', 'l', 'a', 'r', 'g', 'e', 'i', 'n', 't', 'e', 's', 't', 'i', 'n', 'e', 'o', 'n', 'i', 'o', 'n', 'g', 'i', 'n', 'g', 'e', 'r', 'g', 'a', 'r', 'l', 'i', 'c', 'l', 'e', 'm', 'o', 'n', 'g', 'r', 'a', 's', 's', 'b', 'a', 'y', 'l', 'e', 'a', 'v', 'e', 's', 'f', 'i', 's', 'h', 's', 'a', 'u', 'c', 'e', 't', 'u', 'r', 'm', 'e', 'r', 'i', 'c', 'p', 'o', 'w', 'd', 'e', 'r', 'o', 'n', 'i', 'o', 'n', 'p', 'o', 'w', 'd', 'e', 'r', 'g', 'r', 'e', 'e', 'n', 'o', 'n', 'i', 'o', 'n', 't', 'o', 'a', 's', 't', 'e', 'd', 'g', 'a', 'r', 'l', 'i', 'c', 'c', 'h', 'i', 'l', 'i', 'g', 'a', 'r', 'l', 'i', 'c', 'o', 'i', 'l', 's', 'a', 'l', 't', 'g', 'r', 'o', 'u', 'n', 'd', 'b', 'l', 'a', 'c', 'k', 'p', 'e', 'p', 'p', 'e', 'r']"
Beef Asado,"beef chuck,Knorr Beef Cube,tomato sauce, soy sauce,white vinegar,whole peppercorn,bay leaves,lemon,tomato paste,butter, onion,garlic ","['b', 'e', 'e', 'f', 'c', 'h', 'u', 'c', 'k', 'k', 'n', 'o', 'r', 'r', 'b', 'e', 'e', 'f', 'c', 'u', 'b', 'e', 't', 'o', 'm', 'a', 't', 'o', 's', 'a', 'u', 'c', 'e', 's', 'o', 'y', 's', 'a', 'u', 'c', 'e', 'w', 'h', 'i', 't', 'e', 'v', 'i', 'n', 'e', 'g', 'a', 'r', 'w', 'h', 'o', 'l', 'e', 'p', 'e', 'p', 'p', 'e', 'r', 'c', 'o', 'r', 'n', 'b', 'a', 'y', 'l', 'e', 'a', 'v', 'e', 's', 'l', 'e', 'm', 'o', 'n', 't', 'o', 'm', 'a', 't', 'o', 'p', 'a', 's', 't', 'e', 'b', 'u', 't', 't', 'e', 'r', 'o', 'n', 'i', 'o', 'n', 'g', 'a', 'r', 'l', 'i', 'c']"
Beef Papaitan,"beef heart,beef small intestine,beef tripe,beef liver,beef kidney,Knorr Sinigang sa Sampaloc Mix,onion,ginger,garlic , green pepper, beef bile ,Salt,pepper","['b', 'e', 'e', 'f', 'h', 'e', 'a', 'r', 't', 'b', 'e', 'e', 'f', 's', 'm', 'a', 'l', 'l', 'i', 'n', 't', 'e', 's', 't', 'i', 'n', 'e', 'b', 'e', 'e', 'f', 't', 'r', 'i', 'p', 'e', 'b', 'e', 'e', 'f', 'l', 'i', 'v', 'e', 'r', 'b', 'e', 'e', 'f', 'k', 'i', 'd', 'n', 'e', 'y', 'k', 'n', 'o', 'r', 'r', 's', 'i', 'n', 'i', 'g', 'a', 'n', 'g', 's', 'a', 's', 'a', 'm', 'p', 'a', 'l', 'o', 'c', 'm', 'i', 'x', 'o', 'n', 'i', 'o', 'n', 'g', 'i', 'n', 'g', 'e', 'r', 'g', 'a', 'r', 'l', 'i', 'c', 'g', 'r', 'e', 'e', 'n', 'p', 'e', 'p', 'p', 'e', 'r', 'b', 'e', 'e', 'f', 'b', 'i', 'l', 'e', 's', 'a', 'l', 't', 'p', 'e', 'p', 'p', 'e', 'r']"
Creamy Lengua,"ox tongue,Knorr Beef Cube,whole kernel corn,cream of mushroom,all-purpose cream,onion,garlic,butter,  Salt,ground black pepper","['o', 'x', 't', 'o', 'n', 'g', 'u', 'e', 'k', 'n', 'o', 'r', 'r', 'b', 'e', 'e', 'f', 'c', 'u', 'b', 'e', 'w', 'h', 'o', 'l', 'e', 'k', 'e', 'r', 'n', 'e', 'l', 'c', 'o', 'r', 'n', 'c', 'r', 'e', 'a', 'm', 'o', 'f', 'm', 'u', 's', 'h', 'r', 'o', 'o', 'm', 'a', 'l', 'l', 'p', 'u', 'r', 'p', 'o', 's', 'e', 'c', 'r', 'e', 'a', 'm', 'o', 'n', 'i', 'o', 'n', 'g', 'a', 'r', 'l', 'i', 'c', 'b', 'u', 't', 't', 'e', 'r', 's', 'a', 'l', 't', 'g', 'r', 'o', 'u', 'n', 'd', 'b', 'l', 'a', 'c', 'k', 'p', 'e', 'p', 'p', 'e', 'r']"
Beef Hinalang,"beef,Knorr Beef Cube,green onion,Thai chili pepper,white vinegar,soy sauce,onion,ginger,garlic ,  Ground black pepper ","['b', 'e', 'e', 'f', 'k', 'n', 'o', 'r', 'r', 'b', 'e', 'e', 'f', 'c', 'u', 'b', 'e', 'g', 'r', 'e', 'e', 'n', 'o', 'n', 'i', 'o', 'n', 't', 'h', 'a', 'i', 'c', 'h', 'i', 'l', 'i', 'p', 'e', 'p', 'p', 'e', 'r', 'w', 'h', 'i', 't', 'e', 'v', 'i', 'n', 'e', 'g', 'a', 'r', 's', 'o', 'y', 's', 'a', 'u', 'c', 'e', 'o', 'n', 'i', 'o', 'n', 'g', 'i', 'n', 'g', 'e', 'r', 'g', 'a', 'r', 'l', 'i', 'c', 'g', 'r', 'o', 'u', 'n', 'd', 'b', 'l', 'a', 'c', 'k', 'p', 'e', 'p', 'p', 'e', 'r']"
Asian Beef with Mushroom,"beef sirloin,white mushrooms,snow peas,soy sauce,ginger,garlic powder,beef broth,yellow onion,cooking wine, cornstarch,ground black pepper,Salt ","['b', 'e', 'e', 'f', 's', 'i', 'r', 'l', 'o', 'i', 'n', 'w', 'h', 'i', 't', 'e', 'm', 'u', 's', 'h', 'r', 'o', 'o', 'm', 's', 's', 'n', 'o', 'w', 'p', 'e', 'a', 's', 's', 'o', 'y', 's', 'a', 'u', 'c', 'e', 'g', 'i', 'n', 'g', 'e', 'r', 'g', 'a', 'r', 'l', 'i', 'c', 'p', 'o', 'w', 'd', 'e', 'r', 'b', 'e', 'e', 'f', 'b', 'r', 'o', 't', 'h', 'y', 'e', 'l', 'l', 'o', 'w', 'o', 'n', 'i', 'o', 'n', 'c', 'o', 'o', 'k', 'i', 'n', 'g', 'w', 'i', 'n', 'e', 'c', 'o', 'r', 'n', 's', 't', 'a', 'r', 'c', 'h', 'g', 'r', 'o', 'u', 'n', 'd', 'b', 'l', 'a', 'c', 'k', 'p', 'e', 'p', 'p', 'e', 'r', 's', 'a', 'l', 't']"
Galbi,"beef short ribs,soy sauce,garlic,brown sugar,granulated white sugar,rice wine,sesame oil,chili powder","['b', 'e', 'e', 'f', 's', 'h', 'o', 'r', 't', 'r', 'i', 'b', 's', 's', 'o', 'y', 's', 'a', 'u', 'c', 'e', 'g', 'a', 'r', 'l', 'i', 'c', 'b', 'r', 'o', 'w', 'n', 's', 'u', 'g', 'a', 'r', 'g', 'r', 'a', 'n', 'u', 'l', 'a', 't', 'e', 'd', 'w', 'h', 'i', 't', 'e', 's', 'u', 'g', 'a', 'r', 'r', 'i', 'c', 'e', 'w', 'i', 'n', 'e', 's', 'e', 's', 'a', 'm', 'e', 'o', 'i', 'l', 'c', 'h', 'i', 'l', 'i', 'p', 'o', 'w', 'd', 'e', 'r']"
Soup Number 5,"Ox bat and balls,lemongrass,sibot herb mix,Thai chili pepper ,green onion ,ginger,onions,garlic, beef broth,cornstarch,granulated white sugar,ground black pepper,fish sauce","['o', 'x', 'b', 'a', 't', 'a', 'n', 'd', 'b', 'a', 'l', 'l', 's', 'l', 'e', 'm', 'o', 'n', 'g', 'r', 'a', 's', 's', 's', 'i', 'b', 'o', 't', 'h', 'e', 'r', 'b', 'm', 'i', 'x', 't', 'h', 'a', 'i', 'c', 'h', 'i', 'l', 'i', 'p', 'e', 'p', 'p', 'e', 'r', 'g', 'r', 'e', 'e', 'n', 'o', 'n', 'i', 'o', 'n', 'g', 'i', 'n', 'g', 'e', 'r', 'o', 'n', 'i', 'o', 'n', 's', 'g', 'a', 'r', 'l', 'i', 'c', 'b', 'e', 'e', 'f', 'b', 'r', 'o', 't', 'h', 'c', 'o', 'r', 'n', 's', 't', 'a', 'r', 'c', 'h', 'g', 'r', 'a', 'n', 'u', 'l', 'a', 't', 'e', 'd', 'w', 'h', 'i', 't', 'e', 's', 'u', 'g', 'a', 'r', 'g', 'r', 'o', 'u', 'n', 'd', 'b', 'l', 'a', 'c', 'k', 'p', 'e', 'p', 'p', 'e', 'r', 'f', 'i', 's', 'h', 's', 'a', 'u', 'c', 'e']"
Nilagang Baka,"beef sirloin ,baby bok choy,pechay,cabbage,Saba banana ,baking potato ,white onion ,celery,star anise,beef broth, Salt,pepper","['b', 'e', 'e', 'f', 's', 'i', 'r', 'l', 'o', 'i', 'n', 'b', 'a', 'b', 'y', 'b', 'o', 'k', 'c', 'h', 'o', 'y', 'p', 'e', 'c', 'h', 'a', 'y', 'c', 'a', 'b', 'b', 'a', 'g', 'e', 's', 'a', 'b', 'a', 'b', 'a', 'n', 'a', 'n', 'a', 'b', 'a', 'k', 'i', 'n', 'g', 'p', 'o', 't', 'a', 't', 'o', 'w', 'h', 'i', 't', 'e', 'o', 'n', 'i', 'o', 'n', 'c', 'e', 'l', 'e', 'r', 'y', 's', 't', 'a', 'r', 'a', 'n', 'i', 's', 'e', 'b', 'e', 'e', 'f', 'b', 'r', 'o', 't', 'h', 's', 'a', 'l', 't', 'p', 'e', 'p', 'p', 'e', 'r']"
Utan Bisaya,"squash,taro,Knorr Shrimp Cube,ginger,lemongrass,Chinese eggplant,string beans,okra,spinach, Salt,ground black pepper","['s', 'q', 'u', 'a', 's', 'h', 't', 'a', 'r', 'o', 'k', 'n', 'o', 'r', 'r', 's', 'h', 'r', 'i', 'm', 'p', 'c', 'u', 'b', 'e', 'g', 'i', 'n', 'g', 'e', 'r', 'l', 'e', 'm', 'o', 'n', 'g', 'r', 'a', 's', 's', 'c', 'h', 'i', 'n', 'e', 's', 'e', 'e', 'g', 'g', 'p', 'l', 'a', 'n', 't', 's', 't', 'r', 'i', 'n', 'g', 'b', 'e', 'a', 'n', 's', 'o', 'k', 'r', 'a', 's', 'p', 'i', 'n', 'a', 'c', 'h', 's', 'a', 'l', 't', 'g', 'r', 'o', 'u', 'n', 'd', 'b', 'l', 'a', 'c', 'k', 'p', 'e', 'p', 'p', 'e', 'r']"
Ginataang Puso ng Saging,"banana blossom ,Knorr Ginataang Gulay Mix, ground pork,Thai chili pepper,onion,garlic,Ground black pepper","['b', 'a', 'n', 'a', 'n', 'a', 'b', 'l', 'o', 's', 's', 'o', 'm', 'k', 'n', 'o', 'r', 'r', 'g', 'i', 'n', 'a', 't', 'a', 'a', 'n', 'g', 'g', 'u', 'l', 'a', 'y', 'm', 'i', 'x', 'g', 'r', 'o', 'u', 'n', 'd', 'p', 'o', 'r', 'k', 't', 'h', 'a', 'i', 'c', 'h', 'i', 'l', 'i', 'p', 'e', 'p', 'p', 'e', 'r', 'o', 'n', 'i', 'o', 'n', 'g', 'a', 'r', 'l', 'i', 'c', 'g', 'r', 'o', 'u', 'n', 'd', 'b', 'l', 'a', 'c', 'k', 'p', 'e', 'p', 'p', 'e', 'r']"
Ginisang Pechay at Giniling with Oyster Sauce,"pechay,ground pork,oyster sauce,onion ,garlic, Salt,ground black pepper","['p', 'e', 'c', 'h', 'a', 'y', 'g', 'r', 'o', 'u', 'n', 'd', 'p', 'o', 'r', 'k', 'o', 'y', 's', 't', 'e', 'r', 's', 'a', 'u', 'c', 'e', 'o', 'n', 'i', 'o', 'n', 'g', 'a', 'r', 'l', 'i', 'c', 's', 'a', 'l', 't', 'g', 'r', 'o', 'u', 'n', 'd', 'b', 'l', 'a', 'c', 'k', 'p', 'e', 'p', 'p', 'e', 'r']"
Sauteed Bottle Gourd with Ground Pork and Shrimp,"bottle gourd upo,ground pork,shrimp ,tomato,onion,garlic,beef broth,chicken broth, Salt,ground black pepper","['b', 'o', 't', 't', 'l', 'e', 'g', 'o', 'u', 'r', 'd', 'u', 'p', 'o', 'g', 'r', 'o', 'u', 'n', 'd', 'p', 'o', 'r', 'k', 's', 'h', 'r', 'i', 'm', 'p', 't', 'o', 'm', 'a', 't', 'o', 'o', 'n', 'i', 'o', 'n', 'g', 'a', 'r', 'l', 'i', 'c', 'b', 'e', 'e', 'f', 'b', 'r', 'o', 't', 'h', 'c', 'h', 'i', 'c', 'k', 'e', 'n', 'b', 'r', 'o', 't', 'h', 's', 'a', 'l', 't', 'g', 'r', 'o', 'u', 'n', 'd', 'b', 'l', 'a', 'c', 'k', 'p', 'e', 'p', 'p', 'e', 'r']"
Tofu and Green Bean Stir Fry in Oyster Sauce with Salted Black Beans," tofu,snake beans,red bell pepper,salted black beans,chicken stock, oyster sauce, onion ,ground black pepper, garlic powder","['t', 'o', 'f', 'u', 's', 'n', 'a', 'k', 'e', 'b', 'e', 'a', 'n', 's', 'r', 'e', 'd', 'b', 'e', 'l', 'l', 'p', 'e', 'p', 'p', 'e', 'r', 's', 'a', 'l', 't', 'e', 'd', 'b', 'l', 'a', 'c', 'k', 'b', 'e', 'a', 'n', 's', 'c', 'h', 'i', 'c', 'k', 'e', 'n', 's', 't', 'o', 'c', 'k', 'o', 'y', 's', 't', 'e', 'r', 's', 'a', 'u', 'c', 'e', 'o', 'n', 'i', 'o', 'n', 'g', 'r', 'o', 'u', 'n', 'd', 'b', 'l', 'a', 'c', 'k', 'p', 'e', 'p', 'p', 'e', 'r', 'g', 'a', 'r', 'l', 'i', 'c', 'p', 'o', 'w', 'd', 'e', 'r']"
Ginisang Sigarilyas,"winged bean,pork,tomato,onion,garlic, ground black pepper, Fish sauce","['w', 'i', 'n', 'g', 'e', 'd', 'b', 'e', 'a', 'n', 'p', 'o', 'r', 'k', 't', 'o', 'm', 'a', 't', 'o', 'o', 'n', 'i', 'o', 'n', 'g', 'a', 'r', 'l', 'i', 'c', 'g', 'r', 'o', 'u', 'n', 'd', 'b', 'l', 'a', 'c', 'k', 'p', 'e', 'p', 'p', 'e', 'r', 'f', 'i', 's', 'h', 's', 'a', 'u', 'c', 'e']"
Laswa,"shrimp ,eggplant ,kalabasa string beans,saluyot ,alugbati,kulitis,okra,tomato,onion,bagoong alamang   ,Salt,ground black pepper","['s', 'h', 'r', 'i', 'm', 'p', 'e', 'g', 'g', 'p', 'l', 'a', 'n', 't', 'k', 'a', 'l', 'a', 'b', 'a', 's', 'a', 's', 't', 'r', 'i', 'n', 'g', 'b', 'e', 'a', 'n', 's', 's', 'a', 'l', 'u', 'y', 'o', 't', 'a', 'l', 'u', 'g', 'b', 'a', 't', 'i', 'k', 'u', 'l', 'i', 't', 'i', 's', 'o', 'k', 'r', 'a', 't', 'o', 'm', 'a', 't', 'o', 'o', 'n', 'i', 'o', 'n', 'b', 'a', 'g', 'o', 'o', 'n', 'g', 'a', 'l', 'a', 'm', 'a', 'n', 'g', 's', 'a', 'l', 't', 'g', 'r', 'o', 'u', 'n', 'd', 'b', 'l', 'a', 'c', 'k', 'p', 'e', 'p', 'p', 'e', 'r']"
Ginisang Munggo,"Mung beans,garlic,pork ,spinach,tomato ,onion ,shrimp ,fish sauce, Knorr beef cube,chicharon,ground black pepper","['m', 'u', 'n', 'g', 'b', 'e', 'a', 'n', 's', 'g', 'a', 'r', 'l', 'i', 'c', 'p', 'o', 'r', 'k', 's', 'p', 'i', 'n', 'a', 'c', 'h', 't', 'o', 'm', 'a', 't', 'o', 'o', 'n', 'i', 'o', 'n', 's', 'h', 'r', 'i', 'm', 'p', 'f', 'i', 's', 'h', 's', 'a', 'u', 'c', 'e', 'k', 'n', 'o', 'r', 'r', 'b', 'e', 'e', 'f', 'c', 'u', 'b', 'e', 'c', 'h', 'i', 'c', 'h', 'a', 'r', 'o', 'n', 'g', 'r', 'o', 'u', 'n', 'd', 'b', 'l', 'a', 'c', 'k', 'p', 'e', 'p', 'p', 'e', 'r']"
Ginisang Togue,"mung bean sprout,tofu,carrot,shrimp,tomato ,onion ,garlic ,red bell pepper,green bell pepper ,oyster sauce,Ground black pepper","['m', 'u', 'n', 'g', 'b', 'e', 'a', 'n', 's', 'p', 'r', 'o', 'u', 't', 't', 'o', 'f', 'u', 'c', 'a', 'r', 'r', 'o', 't', 's', 'h', 'r', 'i', 'm', 'p', 't', 'o', 'm', 'a', 't', 'o', 'o', 'n', 'i', 'o', 'n', 'g', 'a', 'r', 'l', 'i', 'c', 'r', 'e', 'd', 'b', 'e', 'l', 'l', 'p', 'e', 'p', 'p', 'e', 'r', 'g', 'r', 'e', 'e', 'n', 'b', 'e', 'l', 'l', 'p', 'e', 'p', 'p', 'e', 'r', 'o', 'y', 's', 't', 'e', 'r', 's', 'a', 'u', 'c', 'e', 'g', 'r', 'o', 'u', 'n', 'd', 'b', 'l', 'a', 'c', 'k', 'p', 'e', 'p', 'p', 'e', 'r']"
